Feature,Importance
V14,0.19112711124055362
V10,0.11145399148736689
V4,0.11139537120876238
V12,0.09568993321509789
V17,0.08276097550828258
V3,0.0639350214239861
V11,0.04929000456582103
V16,0.04512442130672955
V2,0.038541158609350486
V9,0.026551608718807403
